{"ts":1778690051186,"cycles":13,"last":{"ts":1778690051186,"capitalAllocation":{"reserve":19,"marketing":38,"rd":23,"payouts":20,"unit":"percent"},"pricingRecommendation":{"multiplier":1.0535,"confidence":0.8395676544357724},"profitMargin":0.5377,"riskBudget":{"pctOfDailyRevenue":23.58},"economyPulse":53,"inputs":{"revenueForecastDaily":1402.5974025974026,"growthVelocity":63.116883116883116,"riskScore":16.04323455642276,"healingPressure":16.057646075230345,"treasuryCycles":11,"growthCycles":11,"guardianCycles":20,"healerCycles":20}}}