{"ts":1778690111185,"cycles":14,"last":{"ts":1778690111185,"capitalAllocation":{"reserve":20,"marketing":37,"rd":23,"payouts":20,"unit":"percent"},"pricingRecommendation":{"multiplier":1.0481,"confidence":0.8197232988388943},"profitMargin":0.5238,"riskBudget":{"pctOfDailyRevenue":22.79},"economyPulse":52,"inputs":{"revenueForecastDaily":1408.695652173913,"growthVelocity":64.1501976284585,"riskScore":18.02767011611057,"healingPressure":18.03689348814742,"treasuryCycles":12,"growthCycles":12,"guardianCycles":22,"healerCycles":22}}}